                  epoch,         train/box_loss,         train/cls_loss,         train/dfl_loss,   metrics/precision(B),      metrics/recall(B),       metrics/mAP50(B),    metrics/mAP50-95(B),           val/box_loss,           val/cls_loss,           val/dfl_loss,                 lr/pg0,                 lr/pg1,                 lr/pg2
                      1,                 2.1665,                 10.446,                  1.148,                0.00027,                0.04255,                0.02224,                0.00992,                 2.7674,                 16.061,                 1.0613,             0.00054773,             0.00054773,             0.00054773
                      2,                 2.0559,                 6.2774,                   1.13,                0.69613,                0.17854,                0.14091,                0.04283,                 2.3721,                 8.9216,                 1.1067,             0.00099416,             0.00099416,             0.00099416
                      3,                 2.0021,                 4.5407,                 1.1314,                0.59139,                0.13298,                0.10325,                0.03974,                 2.3142,                 7.4484,                 1.0913,              0.0013306,              0.0013306,              0.0013306
                      4,                 1.9592,                 3.3358,                 1.0996,                0.68859,                0.19149,                0.26522,                0.08873,                 2.0641,                 5.2385,                   1.07,              0.0011719,              0.0011719,              0.0011719
                      5,                 1.9111,                 2.4604,                 1.1021,                0.67448,                0.30319,                0.22049,                0.06673,                  2.031,                 4.7056,                 1.0409,              0.0011719,              0.0011719,              0.0011719
